{
	"class_name" : "PinholeCameraParameters",
	"extrinsic" : 
	[
		-0.65815315646676631,
		-0.27534779249854319,
		0.70072677685315532,
		0.0,
		0.45833260735856329,
		0.59185473336991523,
		0.66305293575967805,
		0.0,
		-0.59729862185068994,
		0.75755631325585693,
		-0.26333018927092405,
		0.0,
		35.908386992644765,
		-57.346008088190253,
		200.87492491484645,
		1.0
	],
	"intrinsic" : 
	{
		"height" : 1080,
		"intrinsic_matrix" : 
		[
			935.30743608719376,
			0.0,
			0.0,
			0.0,
			935.30743608719376,
			0.0,
			959.5,
			539.5,
			1.0
		],
		"width" : 1920
	},
	"version_major" : 1,
	"version_minor" : 0
}